--Insert Locales
INSERT INTO SGPA_INTERNATIONAL.CFG_LOCALES (LCID, CODE, CHARSET, DESCRICAO) VALUES(1033, 'en-us', 'iso-8859-1', 'English - United States');
INSERT INTO SGPA_INTERNATIONAL.CFG_LOCALES (LCID, CODE, CHARSET, DESCRICAO) VALUES(1046, 'pt-br', 'iso-8859-1', 'Portuguese - Brasil');
INSERT INTO SGPA_INTERNATIONAL.CFG_LOCALES (LCID, CODE, CHARSET, DESCRICAO) VALUES(58378, 'es-la', 'iso-8859-1', 'Spanish - Latin America');

--Insert Equipment Type
INSERT INTO SGPA_INTERNATIONAL.CDT_TIPO_EQUIPAMENTO
(CD_TP_EQUIPAMENTO, DESC_TP_EQUIPAMENTO)
VALUES(51, 'Estacao Meteorologica');
INSERT INTO SGPA_INTERNATIONAL.CDT_TIPO_EQUIPAMENTO
(CD_TP_EQUIPAMENTO, DESC_TP_EQUIPAMENTO)
VALUES(40, 'Trator de Pneu Leve');
INSERT INTO SGPA_INTERNATIONAL.CDT_TIPO_EQUIPAMENTO
(CD_TP_EQUIPAMENTO, DESC_TP_EQUIPAMENTO)
VALUES(84, 'Pluviometro');
INSERT INTO SGPA_INTERNATIONAL.CDT_TIPO_EQUIPAMENTO
(CD_TP_EQUIPAMENTO, DESC_TP_EQUIPAMENTO)
VALUES(36, 'Torre Solinfnet');
INSERT INTO SGPA_INTERNATIONAL.CDT_TIPO_EQUIPAMENTO
(CD_TP_EQUIPAMENTO, DESC_TP_EQUIPAMENTO)
VALUES(59, 'Tablet Lider');

--Insert Equipment models
INSERT INTO SGPA_INTERNATIONAL.CDT_MODELO_EQUIPAMENTO
(CD_MODELO_EQUIPAMENTO, DESC_MODELO_EQUIPAMENTO, VL_ESPACAMENTO, CD_ICONE, VL_LARGURA, VL_COMPRIMENTO, VL_CAPACIDADE)
VALUES(1, 'NV JOHN DEERE 4730', 30, 30, NULL, NULL, NULL);
INSERT INTO SGPA_INTERNATIONAL.CDT_MODELO_EQUIPAMENTO
(CD_MODELO_EQUIPAMENTO, DESC_MODELO_EQUIPAMENTO, VL_ESPACAMENTO, CD_ICONE, VL_LARGURA, VL_COMPRIMENTO, VL_CAPACIDADE)
VALUES(41, 'CASE MAGNUM 340 4X4 (C/SEP)', 11.72, 19, NULL, NULL, NULL);
INSERT INTO SGPA_INTERNATIONAL.CDT_MODELO_EQUIPAMENTO
(CD_MODELO_EQUIPAMENTO, DESC_MODELO_EQUIPAMENTO, VL_ESPACAMENTO, CD_ICONE, VL_LARGURA, VL_COMPRIMENTO, VL_CAPACIDADE)
VALUES(63, 'JOHN DEERE 9750 STS SUPER ROTOR', 0, 33, NULL, NULL, NULL);
INSERT INTO SGPA_INTERNATIONAL.CDT_MODELO_EQUIPAMENTO
(CD_MODELO_EQUIPAMENTO, DESC_MODELO_EQUIPAMENTO, VL_ESPACAMENTO, CD_ICONE, VL_LARGURA, VL_COMPRIMENTO, VL_CAPACIDADE)
VALUES(65, 'JOHN DEERE 9770 STS', 0, 33, NULL, NULL, NULL);
INSERT INTO SGPA_INTERNATIONAL.CDT_MODELO_EQUIPAMENTO
(CD_MODELO_EQUIPAMENTO, DESC_MODELO_EQUIPAMENTO, VL_ESPACAMENTO, CD_ICONE, VL_LARGURA, VL_COMPRIMENTO, VL_CAPACIDADE)
VALUES(121, 'Estação Meteorologica', 0, 31, NULL, NULL, NULL);
INSERT INTO SGPA_INTERNATIONAL.CDT_MODELO_EQUIPAMENTO
(CD_MODELO_EQUIPAMENTO, DESC_MODELO_EQUIPAMENTO, VL_ESPACAMENTO, CD_ICONE, VL_LARGURA, VL_COMPRIMENTO, VL_CAPACIDADE)
VALUES(183, 'JOHN DEERE 9750 STS SUPER ROTOR 9,15', 9.15, 33, NULL, NULL, NULL);
INSERT INTO SGPA_INTERNATIONAL.CDT_MODELO_EQUIPAMENTO
(CD_MODELO_EQUIPAMENTO, DESC_MODELO_EQUIPAMENTO, VL_ESPACAMENTO, CD_ICONE, VL_LARGURA, VL_COMPRIMENTO, VL_CAPACIDADE)
VALUES(241, 'NV JOHN DEERE 7760', 0, 33, NULL, NULL, NULL);
INSERT INTO SGPA_INTERNATIONAL.CDT_MODELO_EQUIPAMENTO
(CD_MODELO_EQUIPAMENTO, DESC_MODELO_EQUIPAMENTO, VL_ESPACAMENTO, CD_ICONE, VL_LARGURA, VL_COMPRIMENTO, VL_CAPACIDADE)
VALUES(243, 'JOHN DEERE 9996 COTTON PICKER', 0, 33, NULL, NULL, NULL);
INSERT INTO SGPA_INTERNATIONAL.CDT_MODELO_EQUIPAMENTO
(CD_MODELO_EQUIPAMENTO, DESC_MODELO_EQUIPAMENTO, VL_ESPACAMENTO, CD_ICONE, VL_LARGURA, VL_COMPRIMENTO, VL_CAPACIDADE)
VALUES(21, 'Concentrador', 1, 28, NULL, NULL, NULL);
INSERT INTO SGPA_INTERNATIONAL.CDT_MODELO_EQUIPAMENTO
(CD_MODELO_EQUIPAMENTO, DESC_MODELO_EQUIPAMENTO, VL_ESPACAMENTO, CD_ICONE, VL_LARGURA, VL_COMPRIMENTO, VL_CAPACIDADE)
VALUES(62, 'JOHN DEERE 1550 VB HIDRO', 0, 33, NULL, NULL, NULL);
INSERT INTO SGPA_INTERNATIONAL.CDT_MODELO_EQUIPAMENTO
(CD_MODELO_EQUIPAMENTO, DESC_MODELO_EQUIPAMENTO, VL_ESPACAMENTO, CD_ICONE, VL_LARGURA, VL_COMPRIMENTO, VL_CAPACIDADE)
VALUES(66, 'JOHN DEERE 8430 DUAL 4X4', 0, 19, NULL, NULL, NULL);
INSERT INTO SGPA_INTERNATIONAL.CDT_MODELO_EQUIPAMENTO
(CD_MODELO_EQUIPAMENTO, DESC_MODELO_EQUIPAMENTO, VL_ESPACAMENTO, CD_ICONE, VL_LARGURA, VL_COMPRIMENTO, VL_CAPACIDADE)
VALUES(182, 'JOHN DEERE 9750 STS 9,15', 9.15, 33, NULL, NULL, NULL);
INSERT INTO SGPA_INTERNATIONAL.CDT_MODELO_EQUIPAMENTO
(CD_MODELO_EQUIPAMENTO, DESC_MODELO_EQUIPAMENTO, VL_ESPACAMENTO, CD_ICONE, VL_LARGURA, VL_COMPRIMENTO, VL_CAPACIDADE)
VALUES(221, 'NV JOHN DEERE 7225J 4X4', 1, 19, NULL, NULL, NULL);
INSERT INTO SGPA_INTERNATIONAL.CDT_MODELO_EQUIPAMENTO
(CD_MODELO_EQUIPAMENTO, DESC_MODELO_EQUIPAMENTO, VL_ESPACAMENTO, CD_ICONE, VL_LARGURA, VL_COMPRIMENTO, VL_CAPACIDADE)
VALUES(61, 'CASE EXTREME 2399 AXIAL FLOW', 0, 33, NULL, NULL, NULL);
INSERT INTO SGPA_INTERNATIONAL.CDT_MODELO_EQUIPAMENTO
(CD_MODELO_EQUIPAMENTO, DESC_MODELO_EQUIPAMENTO, VL_ESPACAMENTO, CD_ICONE, VL_LARGURA, VL_COMPRIMENTO, VL_CAPACIDADE)
VALUES(161, 'JOHN DEERE 7505 4X4 - Calcareadeira', 26, 19, NULL, NULL, NULL);
INSERT INTO SGPA_INTERNATIONAL.CDT_MODELO_EQUIPAMENTO
(CD_MODELO_EQUIPAMENTO, DESC_MODELO_EQUIPAMENTO, VL_ESPACAMENTO, CD_ICONE, VL_LARGURA, VL_COMPRIMENTO, VL_CAPACIDADE)
VALUES(181, 'CASE EXTREME 2399 AXIAL FLOW - PLATAFORMA 10,60', 10.6, 33, NULL, NULL, NULL);
INSERT INTO SGPA_INTERNATIONAL.CDT_MODELO_EQUIPAMENTO
(CD_MODELO_EQUIPAMENTO, DESC_MODELO_EQUIPAMENTO, VL_ESPACAMENTO, CD_ICONE, VL_LARGURA, VL_COMPRIMENTO, VL_CAPACIDADE)
VALUES(242, 'JOHN DEERE 9970 COTTON PICKER', 0, 33, NULL, NULL, NULL);
INSERT INTO SGPA_INTERNATIONAL.CDT_MODELO_EQUIPAMENTO
(CD_MODELO_EQUIPAMENTO, DESC_MODELO_EQUIPAMENTO, VL_ESPACAMENTO, CD_ICONE, VL_LARGURA, VL_COMPRIMENTO, VL_CAPACIDADE)
VALUES(2, 'CASE MAGNUM 340 4X4 (C/SEP.)', 13.32, 19, NULL, NULL, NULL);
INSERT INTO SGPA_INTERNATIONAL.CDT_MODELO_EQUIPAMENTO
(CD_MODELO_EQUIPAMENTO, DESC_MODELO_EQUIPAMENTO, VL_ESPACAMENTO, CD_ICONE, VL_LARGURA, VL_COMPRIMENTO, VL_CAPACIDADE)
VALUES(81, 'CASE MAGNUM 340 4X4 (S/SEP.)', 0, 19, NULL, NULL, NULL);
INSERT INTO SGPA_INTERNATIONAL.CDT_MODELO_EQUIPAMENTO
(CD_MODELO_EQUIPAMENTO, DESC_MODELO_EQUIPAMENTO, VL_ESPACAMENTO, CD_ICONE, VL_LARGURA, VL_COMPRIMENTO, VL_CAPACIDADE)
VALUES(101, 'NV MONTANA PARRUDA MA2627M', 0, 30, NULL, NULL, NULL);
INSERT INTO SGPA_INTERNATIONAL.CDT_MODELO_EQUIPAMENTO
(CD_MODELO_EQUIPAMENTO, DESC_MODELO_EQUIPAMENTO, VL_ESPACAMENTO, CD_ICONE, VL_LARGURA, VL_COMPRIMENTO, VL_CAPACIDADE)
VALUES(201, 'NV MONTANA PARRUDA MA2627M 14,23', 14.23, 30, NULL, NULL, NULL);
INSERT INTO SGPA_INTERNATIONAL.CDT_MODELO_EQUIPAMENTO
(CD_MODELO_EQUIPAMENTO, DESC_MODELO_EQUIPAMENTO, VL_ESPACAMENTO, CD_ICONE, VL_LARGURA, VL_COMPRIMENTO, VL_CAPACIDADE)
VALUES(3, 'JOHN DEERE 8320R DUAL 4X4', 2, 19, NULL, NULL, NULL);
INSERT INTO SGPA_INTERNATIONAL.CDT_MODELO_EQUIPAMENTO
(CD_MODELO_EQUIPAMENTO, DESC_MODELO_EQUIPAMENTO, VL_ESPACAMENTO, CD_ICONE, VL_LARGURA, VL_COMPRIMENTO, VL_CAPACIDADE)
VALUES(64, 'JOHN DEERE 9750 STS', 0, 33, NULL, NULL, NULL);
INSERT INTO SGPA_INTERNATIONAL.CDT_MODELO_EQUIPAMENTO
(CD_MODELO_EQUIPAMENTO, DESC_MODELO_EQUIPAMENTO, VL_ESPACAMENTO, CD_ICONE, VL_LARGURA, VL_COMPRIMENTO, VL_CAPACIDADE)
VALUES(141, 'JOHN DEERE 7505 4X4', 26, 20, NULL, NULL, NULL);
INSERT INTO SGPA_INTERNATIONAL.CDT_MODELO_EQUIPAMENTO
(CD_MODELO_EQUIPAMENTO, DESC_MODELO_EQUIPAMENTO, VL_ESPACAMENTO, CD_ICONE, VL_LARGURA, VL_COMPRIMENTO, VL_CAPACIDADE)
VALUES(184, 'JOHN DEERE 9770 STS 10,70', 10.7, 33, NULL, NULL, NULL);
INSERT INTO SGPA_INTERNATIONAL.CDT_MODELO_EQUIPAMENTO
(CD_MODELO_EQUIPAMENTO, DESC_MODELO_EQUIPAMENTO, VL_ESPACAMENTO, CD_ICONE, VL_LARGURA, VL_COMPRIMENTO, VL_CAPACIDADE)
VALUES(261, 'Pluviometro', 0, 31, NULL, NULL, NULL);

--Insert Equipment groups
INSERT INTO SGPA_INTERNATIONAL.CDT_GRUPO_EQUIPAMENTO
(CD_GRUPO_EQUIPAMENTO, DESC_GRUPO_EQUIPAMENTO, FG_FRENTE_TRABALHO, VL_COR_GRAFICO, CD_UNIDADE)
VALUES(4, 'COLHEITADEIRA DE GRÃOS', 1, '0x2e2323', 2);
INSERT INTO SGPA_INTERNATIONAL.CDT_GRUPO_EQUIPAMENTO
(CD_GRUPO_EQUIPAMENTO, DESC_GRUPO_EQUIPAMENTO, FG_FRENTE_TRABALHO, VL_COR_GRAFICO, CD_UNIDADE)
VALUES(5, 'CALCAREADEIRA ', 2, '0x2e2323', 2);
INSERT INTO SGPA_INTERNATIONAL.CDT_GRUPO_EQUIPAMENTO
(CD_GRUPO_EQUIPAMENTO, DESC_GRUPO_EQUIPAMENTO, FG_FRENTE_TRABALHO, VL_COR_GRAFICO, CD_UNIDADE)
VALUES(1, 'PULVERIZACAO', 0, '0x2e2323', 2);
INSERT INTO SGPA_INTERNATIONAL.CDT_GRUPO_EQUIPAMENTO
(CD_GRUPO_EQUIPAMENTO, DESC_GRUPO_EQUIPAMENTO, FG_FRENTE_TRABALHO, VL_COR_GRAFICO, CD_UNIDADE)
VALUES(2, 'TRATOR DE PNEU', 3, '0x2e2323', 2);
INSERT INTO SGPA_INTERNATIONAL.CDT_GRUPO_EQUIPAMENTO
(CD_GRUPO_EQUIPAMENTO, DESC_GRUPO_EQUIPAMENTO, FG_FRENTE_TRABALHO, VL_COR_GRAFICO, CD_UNIDADE)
VALUES(3, 'Concentrador', 0, '0x2e2323', 2);
INSERT INTO SGPA_INTERNATIONAL.CDT_GRUPO_EQUIPAMENTO
(CD_GRUPO_EQUIPAMENTO, DESC_GRUPO_EQUIPAMENTO, FG_FRENTE_TRABALHO, VL_COR_GRAFICO, CD_UNIDADE)
VALUES(6, 'COLHEDORA  DE ALGODÃO', 1, '0', 2);

--Insert Equipments
INSERT INTO SGPA_INTERNATIONAL.CDT_EQUIPAMENTO
(CD_EQUIPAMENTO, DESC_EQUIPAMENTO, CD_MODELO_EQUIPAMENTO, CD_TP_EQUIPAMENTO, CD_GRUPO_EQUIPAMENTO, CD_SERIE, CD_TURMA, CD_HR_PONTO_ELET, CD_RELOGIO, FG_IMPLEMENTO_FIXO, DT_ULT_ALTERACAO)
VALUES('3179', 'CASE MAGNUM 340 4X4 (C/SEP.)', 2, 40, 2, NULL, NULL, NULL, NULL, 1, TIMESTAMP '2016-10-25 00:00:00.000000');
INSERT INTO SGPA_INTERNATIONAL.CDT_EQUIPAMENTO
(CD_EQUIPAMENTO, DESC_EQUIPAMENTO, CD_MODELO_EQUIPAMENTO, CD_TP_EQUIPAMENTO, CD_GRUPO_EQUIPAMENTO, CD_SERIE, CD_TURMA, CD_HR_PONTO_ELET, CD_RELOGIO, FG_IMPLEMENTO_FIXO, DT_ULT_ALTERACAO)
VALUES('3196', 'CASE MAGNUM 340 4X4 (C/SEP.)', 2, 40, 2, NULL, NULL, NULL, NULL, NULL, TIMESTAMP '2017-01-24 00:00:00.000000');
INSERT INTO SGPA_INTERNATIONAL.CDT_EQUIPAMENTO
(CD_EQUIPAMENTO, DESC_EQUIPAMENTO, CD_MODELO_EQUIPAMENTO, CD_TP_EQUIPAMENTO, CD_GRUPO_EQUIPAMENTO, CD_SERIE, CD_TURMA, CD_HR_PONTO_ELET, CD_RELOGIO, FG_IMPLEMENTO_FIXO, DT_ULT_ALTERACAO)
VALUES('2425', 'CASE MAGNUM 340 4X4 (S/SEP.)', 2, 40, 2, NULL, NULL, NULL, NULL, 1, TIMESTAMP '2016-10-25 00:00:00.000000');
INSERT INTO SGPA_INTERNATIONAL.CDT_EQUIPAMENTO
(CD_EQUIPAMENTO, DESC_EQUIPAMENTO, CD_MODELO_EQUIPAMENTO, CD_TP_EQUIPAMENTO, CD_GRUPO_EQUIPAMENTO, CD_SERIE, CD_TURMA, CD_HR_PONTO_ELET, CD_RELOGIO, FG_IMPLEMENTO_FIXO, DT_ULT_ALTERACAO)
VALUES('2433', 'CASE MAGNUM 340 4X4 (S/SEP.)', 41, 40, 2, NULL, NULL, NULL, NULL, 1, TIMESTAMP '2017-01-12 00:00:00.000000');
INSERT INTO SGPA_INTERNATIONAL.CDT_EQUIPAMENTO
(CD_EQUIPAMENTO, DESC_EQUIPAMENTO, CD_MODELO_EQUIPAMENTO, CD_TP_EQUIPAMENTO, CD_GRUPO_EQUIPAMENTO, CD_SERIE, CD_TURMA, CD_HR_PONTO_ELET, CD_RELOGIO, FG_IMPLEMENTO_FIXO, DT_ULT_ALTERACAO)
VALUES('1012', 'Poste Caixa D''Agua', 21, 36, 3, NULL, NULL, NULL, NULL, NULL, TIMESTAMP '2017-10-24 01:00:00.000000');
INSERT INTO SGPA_INTERNATIONAL.CDT_EQUIPAMENTO
(CD_EQUIPAMENTO, DESC_EQUIPAMENTO, CD_MODELO_EQUIPAMENTO, CD_TP_EQUIPAMENTO, CD_GRUPO_EQUIPAMENTO, CD_SERIE, CD_TURMA, CD_HR_PONTO_ELET, CD_RELOGIO, FG_IMPLEMENTO_FIXO, DT_ULT_ALTERACAO)
VALUES('2345', 'COLHEITADEIRA GRÃOS NV', 181, 40, 4, NULL, NULL, NULL, NULL, 1, TIMESTAMP '2018-01-15 01:00:00.000000');
INSERT INTO SGPA_INTERNATIONAL.CDT_EQUIPAMENTO
(CD_EQUIPAMENTO, DESC_EQUIPAMENTO, CD_MODELO_EQUIPAMENTO, CD_TP_EQUIPAMENTO, CD_GRUPO_EQUIPAMENTO, CD_SERIE, CD_TURMA, CD_HR_PONTO_ELET, CD_RELOGIO, FG_IMPLEMENTO_FIXO, DT_ULT_ALTERACAO)
VALUES('2353', 'COLHEITADEIRA GRÃOS NV', 181, 40, 4, NULL, NULL, NULL, NULL, 1, TIMESTAMP '2018-03-29 01:00:00.000000');
INSERT INTO SGPA_INTERNATIONAL.CDT_EQUIPAMENTO
(CD_EQUIPAMENTO, DESC_EQUIPAMENTO, CD_MODELO_EQUIPAMENTO, CD_TP_EQUIPAMENTO, CD_GRUPO_EQUIPAMENTO, CD_SERIE, CD_TURMA, CD_HR_PONTO_ELET, CD_RELOGIO, FG_IMPLEMENTO_FIXO, DT_ULT_ALTERACAO)
VALUES('2333', 'COLHEITADEIRA GRÃOS NV', 183, 40, 4, NULL, NULL, NULL, NULL, 1, TIMESTAMP '2018-01-15 01:00:00.000000');
INSERT INTO SGPA_INTERNATIONAL.CDT_EQUIPAMENTO
(CD_EQUIPAMENTO, DESC_EQUIPAMENTO, CD_MODELO_EQUIPAMENTO, CD_TP_EQUIPAMENTO, CD_GRUPO_EQUIPAMENTO, CD_SERIE, CD_TURMA, CD_HR_PONTO_ELET, CD_RELOGIO, FG_IMPLEMENTO_FIXO, DT_ULT_ALTERACAO)
VALUES('1522', 'JOHN DEERE 8430 DUAL 4X4', 66, 40, 2, NULL, NULL, NULL, NULL, NULL, TIMESTAMP '2017-02-17 01:00:00.000000');
INSERT INTO SGPA_INTERNATIONAL.CDT_EQUIPAMENTO
(CD_EQUIPAMENTO, DESC_EQUIPAMENTO, CD_MODELO_EQUIPAMENTO, CD_TP_EQUIPAMENTO, CD_GRUPO_EQUIPAMENTO, CD_SERIE, CD_TURMA, CD_HR_PONTO_ELET, CD_RELOGIO, FG_IMPLEMENTO_FIXO, DT_ULT_ALTERACAO)
VALUES('2412', 'CASE MAGNUM 340 4X4 (C/SEP.)', 2, 40, 2, NULL, NULL, NULL, NULL, NULL, TIMESTAMP '2017-02-17 01:00:00.000000');
INSERT INTO SGPA_INTERNATIONAL.CDT_EQUIPAMENTO
(CD_EQUIPAMENTO, DESC_EQUIPAMENTO, CD_MODELO_EQUIPAMENTO, CD_TP_EQUIPAMENTO, CD_GRUPO_EQUIPAMENTO, CD_SERIE, CD_TURMA, CD_HR_PONTO_ELET, CD_RELOGIO, FG_IMPLEMENTO_FIXO, DT_ULT_ALTERACAO)
VALUES('1398', 'COLHEDORA  DE ALGODÃO', 243, 40, 6, NULL, NULL, NULL, NULL, 1, TIMESTAMP '2017-10-19 01:00:00.000000');
INSERT INTO SGPA_INTERNATIONAL.CDT_EQUIPAMENTO
(CD_EQUIPAMENTO, DESC_EQUIPAMENTO, CD_MODELO_EQUIPAMENTO, CD_TP_EQUIPAMENTO, CD_GRUPO_EQUIPAMENTO, CD_SERIE, CD_TURMA, CD_HR_PONTO_ELET, CD_RELOGIO, FG_IMPLEMENTO_FIXO, DT_ULT_ALTERACAO)
VALUES('4400', 'COLHEDORA  DE ALGODÃO', 242, 40, 6, NULL, NULL, NULL, NULL, 1, TIMESTAMP '2017-10-19 01:00:00.000000');
INSERT INTO SGPA_INTERNATIONAL.CDT_EQUIPAMENTO
(CD_EQUIPAMENTO, DESC_EQUIPAMENTO, CD_MODELO_EQUIPAMENTO, CD_TP_EQUIPAMENTO, CD_GRUPO_EQUIPAMENTO, CD_SERIE, CD_TURMA, CD_HR_PONTO_ELET, CD_RELOGIO, FG_IMPLEMENTO_FIXO, DT_ULT_ALTERACAO)
VALUES('2097', 'COLHEDORA  DE ALGODÃO', 242, 40, 6, NULL, NULL, NULL, NULL, 1, TIMESTAMP '2017-10-19 01:00:00.000000');
INSERT INTO SGPA_INTERNATIONAL.CDT_EQUIPAMENTO
(CD_EQUIPAMENTO, DESC_EQUIPAMENTO, CD_MODELO_EQUIPAMENTO, CD_TP_EQUIPAMENTO, CD_GRUPO_EQUIPAMENTO, CD_SERIE, CD_TURMA, CD_HR_PONTO_ELET, CD_RELOGIO, FG_IMPLEMENTO_FIXO, DT_ULT_ALTERACAO)
VALUES('2449', 'NV JOHN DEERE 4730', 1, 40, 1, NULL, NULL, NULL, NULL, 1, TIMESTAMP '2016-10-24 00:00:00.000000');
INSERT INTO SGPA_INTERNATIONAL.CDT_EQUIPAMENTO
(CD_EQUIPAMENTO, DESC_EQUIPAMENTO, CD_MODELO_EQUIPAMENTO, CD_TP_EQUIPAMENTO, CD_GRUPO_EQUIPAMENTO, CD_SERIE, CD_TURMA, CD_HR_PONTO_ELET, CD_RELOGIO, FG_IMPLEMENTO_FIXO, DT_ULT_ALTERACAO)
VALUES('3176', 'CASE MAGNUM 340 4X4 (S/SEP.)', 2, 40, 2, NULL, NULL, NULL, NULL, 1, TIMESTAMP '2016-10-25 00:00:00.000000');
INSERT INTO SGPA_INTERNATIONAL.CDT_EQUIPAMENTO
(CD_EQUIPAMENTO, DESC_EQUIPAMENTO, CD_MODELO_EQUIPAMENTO, CD_TP_EQUIPAMENTO, CD_GRUPO_EQUIPAMENTO, CD_SERIE, CD_TURMA, CD_HR_PONTO_ELET, CD_RELOGIO, FG_IMPLEMENTO_FIXO, DT_ULT_ALTERACAO)
VALUES('2347', 'COLHEITADEIRA GRÃOS NV', 181, 40, 4, NULL, NULL, NULL, NULL, 1, TIMESTAMP '2018-01-15 01:00:00.000000');
INSERT INTO SGPA_INTERNATIONAL.CDT_EQUIPAMENTO
(CD_EQUIPAMENTO, DESC_EQUIPAMENTO, CD_MODELO_EQUIPAMENTO, CD_TP_EQUIPAMENTO, CD_GRUPO_EQUIPAMENTO, CD_SERIE, CD_TURMA, CD_HR_PONTO_ELET, CD_RELOGIO, FG_IMPLEMENTO_FIXO, DT_ULT_ALTERACAO)
VALUES('2355', 'COLHEITADEIRA GRÃOS NV', 181, 40, 4, NULL, NULL, NULL, NULL, 1, TIMESTAMP '2018-01-15 01:00:00.000000');
INSERT INTO SGPA_INTERNATIONAL.CDT_EQUIPAMENTO
(CD_EQUIPAMENTO, DESC_EQUIPAMENTO, CD_MODELO_EQUIPAMENTO, CD_TP_EQUIPAMENTO, CD_GRUPO_EQUIPAMENTO, CD_SERIE, CD_TURMA, CD_HR_PONTO_ELET, CD_RELOGIO, FG_IMPLEMENTO_FIXO, DT_ULT_ALTERACAO)
VALUES('2444', 'COLHEITADEIRA GRÃOS NV', 181, 40, 4, NULL, NULL, NULL, NULL, 1, TIMESTAMP '2018-03-29 01:00:00.000000');
INSERT INTO SGPA_INTERNATIONAL.CDT_EQUIPAMENTO
(CD_EQUIPAMENTO, DESC_EQUIPAMENTO, CD_MODELO_EQUIPAMENTO, CD_TP_EQUIPAMENTO, CD_GRUPO_EQUIPAMENTO, CD_SERIE, CD_TURMA, CD_HR_PONTO_ELET, CD_RELOGIO, FG_IMPLEMENTO_FIXO, DT_ULT_ALTERACAO)
VALUES('3184', 'COLHEITADEIRA GRÃOS NV', 181, 40, 4, NULL, NULL, NULL, NULL, 1, TIMESTAMP '2018-01-15 01:00:00.000000');
INSERT INTO SGPA_INTERNATIONAL.CDT_EQUIPAMENTO
(CD_EQUIPAMENTO, DESC_EQUIPAMENTO, CD_MODELO_EQUIPAMENTO, CD_TP_EQUIPAMENTO, CD_GRUPO_EQUIPAMENTO, CD_SERIE, CD_TURMA, CD_HR_PONTO_ELET, CD_RELOGIO, FG_IMPLEMENTO_FIXO, DT_ULT_ALTERACAO)
VALUES('2339', 'COLHEITADEIRA GRÃOS NV', 62, 40, 4, NULL, NULL, NULL, NULL, NULL, TIMESTAMP '2018-01-15 01:00:00.000000');
INSERT INTO SGPA_INTERNATIONAL.CDT_EQUIPAMENTO
(CD_EQUIPAMENTO, DESC_EQUIPAMENTO, CD_MODELO_EQUIPAMENTO, CD_TP_EQUIPAMENTO, CD_GRUPO_EQUIPAMENTO, CD_SERIE, CD_TURMA, CD_HR_PONTO_ELET, CD_RELOGIO, FG_IMPLEMENTO_FIXO, DT_ULT_ALTERACAO)
VALUES('6856', 'COLHEITADEIRA GRÃOS NV', 182, 40, 4, NULL, NULL, NULL, NULL, 1, TIMESTAMP '2018-01-15 01:00:00.000000');
INSERT INTO SGPA_INTERNATIONAL.CDT_EQUIPAMENTO
(CD_EQUIPAMENTO, DESC_EQUIPAMENTO, CD_MODELO_EQUIPAMENTO, CD_TP_EQUIPAMENTO, CD_GRUPO_EQUIPAMENTO, CD_SERIE, CD_TURMA, CD_HR_PONTO_ELET, CD_RELOGIO, FG_IMPLEMENTO_FIXO, DT_ULT_ALTERACAO)
VALUES('7377', 'COLHEITADEIRA GRÃOS NV', 182, 40, 4, NULL, NULL, NULL, NULL, 1, TIMESTAMP '2018-01-15 01:00:00.000000');
INSERT INTO SGPA_INTERNATIONAL.CDT_EQUIPAMENTO
(CD_EQUIPAMENTO, DESC_EQUIPAMENTO, CD_MODELO_EQUIPAMENTO, CD_TP_EQUIPAMENTO, CD_GRUPO_EQUIPAMENTO, CD_SERIE, CD_TURMA, CD_HR_PONTO_ELET, CD_RELOGIO, FG_IMPLEMENTO_FIXO, DT_ULT_ALTERACAO)
VALUES('2343', 'COLHEITADEIRA GRÃOS NV', 183, 40, 4, NULL, NULL, NULL, NULL, 1, TIMESTAMP '2018-01-15 01:00:00.000000');
INSERT INTO SGPA_INTERNATIONAL.CDT_EQUIPAMENTO
(CD_EQUIPAMENTO, DESC_EQUIPAMENTO, CD_MODELO_EQUIPAMENTO, CD_TP_EQUIPAMENTO, CD_GRUPO_EQUIPAMENTO, CD_SERIE, CD_TURMA, CD_HR_PONTO_ELET, CD_RELOGIO, FG_IMPLEMENTO_FIXO, DT_ULT_ALTERACAO)
VALUES('2407', 'JOHN DEERE 8430 DUAL 4X4', 66, 40, 2, NULL, NULL, NULL, NULL, NULL, TIMESTAMP '2017-02-17 01:00:00.000000');
INSERT INTO SGPA_INTERNATIONAL.CDT_EQUIPAMENTO
(CD_EQUIPAMENTO, DESC_EQUIPAMENTO, CD_MODELO_EQUIPAMENTO, CD_TP_EQUIPAMENTO, CD_GRUPO_EQUIPAMENTO, CD_SERIE, CD_TURMA, CD_HR_PONTO_ELET, CD_RELOGIO, FG_IMPLEMENTO_FIXO, DT_ULT_ALTERACAO)
VALUES('3168', 'JOHN DEERE 8430 DUAL 4X4', 66, 40, 2, NULL, NULL, NULL, NULL, NULL, TIMESTAMP '2017-02-17 01:00:00.000000');
INSERT INTO SGPA_INTERNATIONAL.CDT_EQUIPAMENTO
(CD_EQUIPAMENTO, DESC_EQUIPAMENTO, CD_MODELO_EQUIPAMENTO, CD_TP_EQUIPAMENTO, CD_GRUPO_EQUIPAMENTO, CD_SERIE, CD_TURMA, CD_HR_PONTO_ELET, CD_RELOGIO, FG_IMPLEMENTO_FIXO, DT_ULT_ALTERACAO)
VALUES('1098', 'Estação Meteorologica M-14', 121, 51, 3, NULL, NULL, NULL, NULL, NULL, TIMESTAMP '2017-12-04 01:00:00.000000');
INSERT INTO SGPA_INTERNATIONAL.CDT_EQUIPAMENTO
(CD_EQUIPAMENTO, DESC_EQUIPAMENTO, CD_MODELO_EQUIPAMENTO, CD_TP_EQUIPAMENTO, CD_GRUPO_EQUIPAMENTO, CD_SERIE, CD_TURMA, CD_HR_PONTO_ELET, CD_RELOGIO, FG_IMPLEMENTO_FIXO, DT_ULT_ALTERACAO)
VALUES('3207', 'NV JOHN DEERE 7225J 4X4', 221, 40, 5, NULL, NULL, NULL, NULL, NULL, TIMESTAMP '2017-05-03 18:16:59.000000');
INSERT INTO SGPA_INTERNATIONAL.CDT_EQUIPAMENTO
(CD_EQUIPAMENTO, DESC_EQUIPAMENTO, CD_MODELO_EQUIPAMENTO, CD_TP_EQUIPAMENTO, CD_GRUPO_EQUIPAMENTO, CD_SERIE, CD_TURMA, CD_HR_PONTO_ELET, CD_RELOGIO, FG_IMPLEMENTO_FIXO, DT_ULT_ALTERACAO)
VALUES('1015', 'Torre Celio', 21, 36, 3, NULL, NULL, NULL, NULL, NULL, TIMESTAMP '2016-10-19 17:23:21.000000');
INSERT INTO SGPA_INTERNATIONAL.CDT_EQUIPAMENTO
(CD_EQUIPAMENTO, DESC_EQUIPAMENTO, CD_MODELO_EQUIPAMENTO, CD_TP_EQUIPAMENTO, CD_GRUPO_EQUIPAMENTO, CD_SERIE, CD_TURMA, CD_HR_PONTO_ELET, CD_RELOGIO, FG_IMPLEMENTO_FIXO, DT_ULT_ALTERACAO)
VALUES('2335', 'COLHEITADEIRA GRÃOS NV', 62, 40, 4, NULL, NULL, NULL, NULL, NULL, TIMESTAMP '2018-01-15 01:00:00.000000');
INSERT INTO SGPA_INTERNATIONAL.CDT_EQUIPAMENTO
(CD_EQUIPAMENTO, DESC_EQUIPAMENTO, CD_MODELO_EQUIPAMENTO, CD_TP_EQUIPAMENTO, CD_GRUPO_EQUIPAMENTO, CD_SERIE, CD_TURMA, CD_HR_PONTO_ELET, CD_RELOGIO, FG_IMPLEMENTO_FIXO, DT_ULT_ALTERACAO)
VALUES('2349', 'COLHEITADEIRA GRÃOS NV', 183, 40, 4, NULL, NULL, NULL, NULL, 1, TIMESTAMP '2018-01-15 01:00:00.000000');
INSERT INTO SGPA_INTERNATIONAL.CDT_EQUIPAMENTO
(CD_EQUIPAMENTO, DESC_EQUIPAMENTO, CD_MODELO_EQUIPAMENTO, CD_TP_EQUIPAMENTO, CD_GRUPO_EQUIPAMENTO, CD_SERIE, CD_TURMA, CD_HR_PONTO_ELET, CD_RELOGIO, FG_IMPLEMENTO_FIXO, DT_ULT_ALTERACAO)
VALUES('872', 'JOHN DEERE 8430 DUAL 4X4', 66, 40, 2, NULL, NULL, NULL, NULL, NULL, TIMESTAMP '2017-02-17 01:00:00.000000');
INSERT INTO SGPA_INTERNATIONAL.CDT_EQUIPAMENTO
(CD_EQUIPAMENTO, DESC_EQUIPAMENTO, CD_MODELO_EQUIPAMENTO, CD_TP_EQUIPAMENTO, CD_GRUPO_EQUIPAMENTO, CD_SERIE, CD_TURMA, CD_HR_PONTO_ELET, CD_RELOGIO, FG_IMPLEMENTO_FIXO, DT_ULT_ALTERACAO)
VALUES('2390', 'JOHN DEERE 7505 4X4', 161, 40, 5, NULL, NULL, NULL, NULL, 1, TIMESTAMP '2017-04-06 01:00:00.000000');
INSERT INTO SGPA_INTERNATIONAL.CDT_EQUIPAMENTO
(CD_EQUIPAMENTO, DESC_EQUIPAMENTO, CD_MODELO_EQUIPAMENTO, CD_TP_EQUIPAMENTO, CD_GRUPO_EQUIPAMENTO, CD_SERIE, CD_TURMA, CD_HR_PONTO_ELET, CD_RELOGIO, FG_IMPLEMENTO_FIXO, DT_ULT_ALTERACAO)
VALUES('2357', 'NV JOHN DEERE 4730', 1, 40, 1, NULL, NULL, NULL, NULL, 1, TIMESTAMP '2016-10-24 00:00:00.000000');
INSERT INTO SGPA_INTERNATIONAL.CDT_EQUIPAMENTO
(CD_EQUIPAMENTO, DESC_EQUIPAMENTO, CD_MODELO_EQUIPAMENTO, CD_TP_EQUIPAMENTO, CD_GRUPO_EQUIPAMENTO, CD_SERIE, CD_TURMA, CD_HR_PONTO_ELET, CD_RELOGIO, FG_IMPLEMENTO_FIXO, DT_ULT_ALTERACAO)
VALUES('2398', 'NV JOHN DEERE 4730', 1, 40, 1, NULL, NULL, NULL, NULL, 1, TIMESTAMP '2016-10-24 00:00:00.000000');
INSERT INTO SGPA_INTERNATIONAL.CDT_EQUIPAMENTO
(CD_EQUIPAMENTO, DESC_EQUIPAMENTO, CD_MODELO_EQUIPAMENTO, CD_TP_EQUIPAMENTO, CD_GRUPO_EQUIPAMENTO, CD_SERIE, CD_TURMA, CD_HR_PONTO_ELET, CD_RELOGIO, FG_IMPLEMENTO_FIXO, DT_ULT_ALTERACAO)
VALUES('1013', 'Poste Aeroporto Antigo', 21, 36, 3, NULL, NULL, NULL, NULL, NULL, TIMESTAMP '2016-10-19 17:22:13.000000');
INSERT INTO SGPA_INTERNATIONAL.CDT_EQUIPAMENTO
(CD_EQUIPAMENTO, DESC_EQUIPAMENTO, CD_MODELO_EQUIPAMENTO, CD_TP_EQUIPAMENTO, CD_GRUPO_EQUIPAMENTO, CD_SERIE, CD_TURMA, CD_HR_PONTO_ELET, CD_RELOGIO, FG_IMPLEMENTO_FIXO, DT_ULT_ALTERACAO)
VALUES('1014', 'Torre Brusk - Sede Vizinha', 21, 36, 3, NULL, NULL, NULL, NULL, NULL, TIMESTAMP '2016-10-19 17:22:56.000000');
INSERT INTO SGPA_INTERNATIONAL.CDT_EQUIPAMENTO
(CD_EQUIPAMENTO, DESC_EQUIPAMENTO, CD_MODELO_EQUIPAMENTO, CD_TP_EQUIPAMENTO, CD_GRUPO_EQUIPAMENTO, CD_SERIE, CD_TURMA, CD_HR_PONTO_ELET, CD_RELOGIO, FG_IMPLEMENTO_FIXO, DT_ULT_ALTERACAO)
VALUES('2331', 'COLHEITADEIRA GRÃOS NV', 183, 40, 4, NULL, NULL, NULL, NULL, 1, TIMESTAMP '2018-01-15 01:00:00.000000');
INSERT INTO SGPA_INTERNATIONAL.CDT_EQUIPAMENTO
(CD_EQUIPAMENTO, DESC_EQUIPAMENTO, CD_MODELO_EQUIPAMENTO, CD_TP_EQUIPAMENTO, CD_GRUPO_EQUIPAMENTO, CD_SERIE, CD_TURMA, CD_HR_PONTO_ELET, CD_RELOGIO, FG_IMPLEMENTO_FIXO, DT_ULT_ALTERACAO)
VALUES('2337', 'COLHEITADEIRA GRÃOS NV', 184, 40, 4, NULL, NULL, NULL, NULL, 1, TIMESTAMP '2018-01-15 01:00:00.000000');
INSERT INTO SGPA_INTERNATIONAL.CDT_EQUIPAMENTO
(CD_EQUIPAMENTO, DESC_EQUIPAMENTO, CD_MODELO_EQUIPAMENTO, CD_TP_EQUIPAMENTO, CD_GRUPO_EQUIPAMENTO, CD_SERIE, CD_TURMA, CD_HR_PONTO_ELET, CD_RELOGIO, FG_IMPLEMENTO_FIXO, DT_ULT_ALTERACAO)
VALUES('2351', 'COLHEITADEIRA GRÃOS NV', 184, 40, 4, NULL, NULL, NULL, NULL, 1, TIMESTAMP '2018-01-15 01:00:00.000000');
INSERT INTO SGPA_INTERNATIONAL.CDT_EQUIPAMENTO
(CD_EQUIPAMENTO, DESC_EQUIPAMENTO, CD_MODELO_EQUIPAMENTO, CD_TP_EQUIPAMENTO, CD_GRUPO_EQUIPAMENTO, CD_SERIE, CD_TURMA, CD_HR_PONTO_ELET, CD_RELOGIO, FG_IMPLEMENTO_FIXO, DT_ULT_ALTERACAO)
VALUES('6425', 'CASE MAGNUM 340 4X4 (S/SEP.)', 81, 40, 2, NULL, NULL, NULL, NULL, NULL, TIMESTAMP '2017-02-17 01:00:00.000000');
INSERT INTO SGPA_INTERNATIONAL.CDT_EQUIPAMENTO
(CD_EQUIPAMENTO, DESC_EQUIPAMENTO, CD_MODELO_EQUIPAMENTO, CD_TP_EQUIPAMENTO, CD_GRUPO_EQUIPAMENTO, CD_SERIE, CD_TURMA, CD_HR_PONTO_ELET, CD_RELOGIO, FG_IMPLEMENTO_FIXO, DT_ULT_ALTERACAO)
VALUES('1856', 'JOHN DEERE 8430 DUAL 4X4', 66, 40, 2, NULL, NULL, NULL, NULL, NULL, TIMESTAMP '2017-02-17 01:00:00.000000');
INSERT INTO SGPA_INTERNATIONAL.CDT_EQUIPAMENTO
(CD_EQUIPAMENTO, DESC_EQUIPAMENTO, CD_MODELO_EQUIPAMENTO, CD_TP_EQUIPAMENTO, CD_GRUPO_EQUIPAMENTO, CD_SERIE, CD_TURMA, CD_HR_PONTO_ELET, CD_RELOGIO, FG_IMPLEMENTO_FIXO, DT_ULT_ALTERACAO)
VALUES('2393', 'CASE MAGNUM 340 4X4 (C/SEP.)', 2, 40, 2, NULL, NULL, NULL, NULL, NULL, TIMESTAMP '2017-03-30 01:00:00.000000');
INSERT INTO SGPA_INTERNATIONAL.CDT_EQUIPAMENTO
(CD_EQUIPAMENTO, DESC_EQUIPAMENTO, CD_MODELO_EQUIPAMENTO, CD_TP_EQUIPAMENTO, CD_GRUPO_EQUIPAMENTO, CD_SERIE, CD_TURMA, CD_HR_PONTO_ELET, CD_RELOGIO, FG_IMPLEMENTO_FIXO, DT_ULT_ALTERACAO)
VALUES('10445', 'NV MONTANA PARRUDA MA2627M', 201, 40, 5, NULL, NULL, NULL, NULL, 1, TIMESTAMP '2018-01-17 01:00:00.000000');
INSERT INTO SGPA_INTERNATIONAL.CDT_EQUIPAMENTO
(CD_EQUIPAMENTO, DESC_EQUIPAMENTO, CD_MODELO_EQUIPAMENTO, CD_TP_EQUIPAMENTO, CD_GRUPO_EQUIPAMENTO, CD_SERIE, CD_TURMA, CD_HR_PONTO_ELET, CD_RELOGIO, FG_IMPLEMENTO_FIXO, DT_ULT_ALTERACAO)
VALUES('923', 'JOHN DEERE 8430 DUAL 4X4', 66, 40, 2, NULL, NULL, NULL, NULL, NULL, TIMESTAMP '2017-03-31 01:00:00.000000');
INSERT INTO SGPA_INTERNATIONAL.CDT_EQUIPAMENTO
(CD_EQUIPAMENTO, DESC_EQUIPAMENTO, CD_MODELO_EQUIPAMENTO, CD_TP_EQUIPAMENTO, CD_GRUPO_EQUIPAMENTO, CD_SERIE, CD_TURMA, CD_HR_PONTO_ELET, CD_RELOGIO, FG_IMPLEMENTO_FIXO, DT_ULT_ALTERACAO)
VALUES('2123', 'CASE MAGNUM 340 4X4 (S/SEP.)', 2, 40, 2, NULL, NULL, NULL, NULL, NULL, TIMESTAMP '2017-05-03 01:00:00.000000');
INSERT INTO SGPA_INTERNATIONAL.CDT_EQUIPAMENTO
(CD_EQUIPAMENTO, DESC_EQUIPAMENTO, CD_MODELO_EQUIPAMENTO, CD_TP_EQUIPAMENTO, CD_GRUPO_EQUIPAMENTO, CD_SERIE, CD_TURMA, CD_HR_PONTO_ELET, CD_RELOGIO, FG_IMPLEMENTO_FIXO, DT_ULT_ALTERACAO)
VALUES('2101', 'COLHEDORA  DE ALGODÃO', 242, 40, 6, NULL, NULL, NULL, NULL, 1, TIMESTAMP '2017-10-19 01:00:00.000000');
INSERT INTO SGPA_INTERNATIONAL.CDT_EQUIPAMENTO
(CD_EQUIPAMENTO, DESC_EQUIPAMENTO, CD_MODELO_EQUIPAMENTO, CD_TP_EQUIPAMENTO, CD_GRUPO_EQUIPAMENTO, CD_SERIE, CD_TURMA, CD_HR_PONTO_ELET, CD_RELOGIO, FG_IMPLEMENTO_FIXO, DT_ULT_ALTERACAO)
VALUES('2360', 'NV JOHN DEERE 4730', 1, 40, 1, NULL, NULL, NULL, NULL, 1, TIMESTAMP '2016-10-24 00:00:00.000000');
INSERT INTO SGPA_INTERNATIONAL.CDT_EQUIPAMENTO
(CD_EQUIPAMENTO, DESC_EQUIPAMENTO, CD_MODELO_EQUIPAMENTO, CD_TP_EQUIPAMENTO, CD_GRUPO_EQUIPAMENTO, CD_SERIE, CD_TURMA, CD_HR_PONTO_ELET, CD_RELOGIO, FG_IMPLEMENTO_FIXO, DT_ULT_ALTERACAO)
VALUES('2378', 'JOHN DEERE 8320R DUAL 4X4', 3, 40, 2, NULL, NULL, NULL, NULL, NULL, TIMESTAMP '2017-01-24 00:00:00.000000');
INSERT INTO SGPA_INTERNATIONAL.CDT_EQUIPAMENTO
(CD_EQUIPAMENTO, DESC_EQUIPAMENTO, CD_MODELO_EQUIPAMENTO, CD_TP_EQUIPAMENTO, CD_GRUPO_EQUIPAMENTO, CD_SERIE, CD_TURMA, CD_HR_PONTO_ELET, CD_RELOGIO, FG_IMPLEMENTO_FIXO, DT_ULT_ALTERACAO)
VALUES('1010', 'Servidor', 21, 36, 3, NULL, NULL, NULL, NULL, 0, TIMESTAMP '2018-03-06 10:17:59.000000');
INSERT INTO SGPA_INTERNATIONAL.CDT_EQUIPAMENTO
(CD_EQUIPAMENTO, DESC_EQUIPAMENTO, CD_MODELO_EQUIPAMENTO, CD_TP_EQUIPAMENTO, CD_GRUPO_EQUIPAMENTO, CD_SERIE, CD_TURMA, CD_HR_PONTO_ELET, CD_RELOGIO, FG_IMPLEMENTO_FIXO, DT_ULT_ALTERACAO)
VALUES('1011', 'Torre do Radio', 21, 36, 3, NULL, NULL, NULL, NULL, NULL, TIMESTAMP '2016-10-19 17:20:34.000000');
INSERT INTO SGPA_INTERNATIONAL.CDT_EQUIPAMENTO
(CD_EQUIPAMENTO, DESC_EQUIPAMENTO, CD_MODELO_EQUIPAMENTO, CD_TP_EQUIPAMENTO, CD_GRUPO_EQUIPAMENTO, CD_SERIE, CD_TURMA, CD_HR_PONTO_ELET, CD_RELOGIO, FG_IMPLEMENTO_FIXO, DT_ULT_ALTERACAO)
VALUES('2341', 'COLHEITADEIRA GRÃOS NV', 184, 40, 4, NULL, NULL, NULL, NULL, 1, TIMESTAMP '2018-01-15 01:00:00.000000');
INSERT INTO SGPA_INTERNATIONAL.CDT_EQUIPAMENTO
(CD_EQUIPAMENTO, DESC_EQUIPAMENTO, CD_MODELO_EQUIPAMENTO, CD_TP_EQUIPAMENTO, CD_GRUPO_EQUIPAMENTO, CD_SERIE, CD_TURMA, CD_HR_PONTO_ELET, CD_RELOGIO, FG_IMPLEMENTO_FIXO, DT_ULT_ALTERACAO)
VALUES('2373', 'JOHN DEERE 8430 DUAL 4X4', 66, 40, 2, NULL, NULL, NULL, NULL, NULL, TIMESTAMP '2017-02-17 01:00:00.000000');
INSERT INTO SGPA_INTERNATIONAL.CDT_EQUIPAMENTO
(CD_EQUIPAMENTO, DESC_EQUIPAMENTO, CD_MODELO_EQUIPAMENTO, CD_TP_EQUIPAMENTO, CD_GRUPO_EQUIPAMENTO, CD_SERIE, CD_TURMA, CD_HR_PONTO_ELET, CD_RELOGIO, FG_IMPLEMENTO_FIXO, DT_ULT_ALTERACAO)
VALUES('9295', 'NV MONTANA PARRUDA MA2627M', 201, 40, 5, NULL, NULL, NULL, NULL, 1, TIMESTAMP '2018-01-17 01:00:00.000000');
INSERT INTO SGPA_INTERNATIONAL.CDT_EQUIPAMENTO
(CD_EQUIPAMENTO, DESC_EQUIPAMENTO, CD_MODELO_EQUIPAMENTO, CD_TP_EQUIPAMENTO, CD_GRUPO_EQUIPAMENTO, CD_SERIE, CD_TURMA, CD_HR_PONTO_ELET, CD_RELOGIO, FG_IMPLEMENTO_FIXO, DT_ULT_ALTERACAO)
VALUES('1099', 'Estação Meteorologica SF-03', 121, 51, 3, NULL, NULL, NULL, NULL, NULL, TIMESTAMP '2017-11-28 01:00:00.000000');
INSERT INTO SGPA_INTERNATIONAL.CDT_EQUIPAMENTO
(CD_EQUIPAMENTO, DESC_EQUIPAMENTO, CD_MODELO_EQUIPAMENTO, CD_TP_EQUIPAMENTO, CD_GRUPO_EQUIPAMENTO, CD_SERIE, CD_TURMA, CD_HR_PONTO_ELET, CD_RELOGIO, FG_IMPLEMENTO_FIXO, DT_ULT_ALTERACAO)
VALUES('3202', 'JOHN DEERE 7505 4X4', 161, 40, 5, NULL, NULL, NULL, NULL, 1, TIMESTAMP '2017-10-19 01:00:00.000000');
INSERT INTO SGPA_INTERNATIONAL.CDT_EQUIPAMENTO
(CD_EQUIPAMENTO, DESC_EQUIPAMENTO, CD_MODELO_EQUIPAMENTO, CD_TP_EQUIPAMENTO, CD_GRUPO_EQUIPAMENTO, CD_SERIE, CD_TURMA, CD_HR_PONTO_ELET, CD_RELOGIO, FG_IMPLEMENTO_FIXO, DT_ULT_ALTERACAO)
VALUES('791', 'COLHEDORA  DE ALGODÃO', 241, 40, 6, NULL, NULL, NULL, NULL, 1, TIMESTAMP '2017-10-19 01:00:00.000000');
INSERT INTO SGPA_INTERNATIONAL.CDT_EQUIPAMENTO
(CD_EQUIPAMENTO, DESC_EQUIPAMENTO, CD_MODELO_EQUIPAMENTO, CD_TP_EQUIPAMENTO, CD_GRUPO_EQUIPAMENTO, CD_SERIE, CD_TURMA, CD_HR_PONTO_ELET, CD_RELOGIO, FG_IMPLEMENTO_FIXO, DT_ULT_ALTERACAO)
VALUES('2485', 'COLHEDORA  DE ALGODÃO', 242, 40, 6, NULL, NULL, NULL, NULL, NULL, TIMESTAMP '2017-10-19 01:00:00.000000');
INSERT INTO SGPA_INTERNATIONAL.CDT_EQUIPAMENTO
(CD_EQUIPAMENTO, DESC_EQUIPAMENTO, CD_MODELO_EQUIPAMENTO, CD_TP_EQUIPAMENTO, CD_GRUPO_EQUIPAMENTO, CD_SERIE, CD_TURMA, CD_HR_PONTO_ELET, CD_RELOGIO, FG_IMPLEMENTO_FIXO, DT_ULT_ALTERACAO)
VALUES('1094', 'Estação Metereológica C-04', 121, 51, 3, NULL, NULL, NULL, NULL, NULL, TIMESTAMP '2017-11-29 01:00:00.000000');
INSERT INTO SGPA_INTERNATIONAL.CDT_EQUIPAMENTO
(CD_EQUIPAMENTO, DESC_EQUIPAMENTO, CD_MODELO_EQUIPAMENTO, CD_TP_EQUIPAMENTO, CD_GRUPO_EQUIPAMENTO, CD_SERIE, CD_TURMA, CD_HR_PONTO_ELET, CD_RELOGIO, FG_IMPLEMENTO_FIXO, DT_ULT_ALTERACAO)
VALUES('1095', 'Estação Metereológica B-14', 121, 51, 3, NULL, NULL, NULL, NULL, NULL, TIMESTAMP '2017-11-29 10:09:26.000000');
INSERT INTO SGPA_INTERNATIONAL.CDT_EQUIPAMENTO
(CD_EQUIPAMENTO, DESC_EQUIPAMENTO, CD_MODELO_EQUIPAMENTO, CD_TP_EQUIPAMENTO, CD_GRUPO_EQUIPAMENTO, CD_SERIE, CD_TURMA, CD_HR_PONTO_ELET, CD_RELOGIO, FG_IMPLEMENTO_FIXO, DT_ULT_ALTERACAO)
VALUES('10105', 'Pluviometro M-03', 261, 84, 3, NULL, NULL, NULL, NULL, NULL, TIMESTAMP '2017-12-04 13:53:54.000000');
INSERT INTO SGPA_INTERNATIONAL.CDT_EQUIPAMENTO
(CD_EQUIPAMENTO, DESC_EQUIPAMENTO, CD_MODELO_EQUIPAMENTO, CD_TP_EQUIPAMENTO, CD_GRUPO_EQUIPAMENTO, CD_SERIE, CD_TURMA, CD_HR_PONTO_ELET, CD_RELOGIO, FG_IMPLEMENTO_FIXO, DT_ULT_ALTERACAO)
VALUES('10106', 'Pluviometro C-04', 261, 84, 3, NULL, NULL, NULL, NULL, NULL, TIMESTAMP '2017-12-04 13:55:03.000000');
INSERT INTO SGPA_INTERNATIONAL.CDT_EQUIPAMENTO
(CD_EQUIPAMENTO, DESC_EQUIPAMENTO, CD_MODELO_EQUIPAMENTO, CD_TP_EQUIPAMENTO, CD_GRUPO_EQUIPAMENTO, CD_SERIE, CD_TURMA, CD_HR_PONTO_ELET, CD_RELOGIO, FG_IMPLEMENTO_FIXO, DT_ULT_ALTERACAO)
VALUES('10108', 'Pluviometro C-03', 261, 84, 3, NULL, NULL, NULL, NULL, NULL, TIMESTAMP '2017-12-04 01:00:00.000000');
INSERT INTO SGPA_INTERNATIONAL.CDT_EQUIPAMENTO
(CD_EQUIPAMENTO, DESC_EQUIPAMENTO, CD_MODELO_EQUIPAMENTO, CD_TP_EQUIPAMENTO, CD_GRUPO_EQUIPAMENTO, CD_SERIE, CD_TURMA, CD_HR_PONTO_ELET, CD_RELOGIO, FG_IMPLEMENTO_FIXO, DT_ULT_ALTERACAO)
VALUES('10119', 'Pluviometro B-08', 261, 84, 3, NULL, NULL, NULL, NULL, NULL, TIMESTAMP '2017-12-04 14:12:17.000000');
INSERT INTO SGPA_INTERNATIONAL.CDT_EQUIPAMENTO
(CD_EQUIPAMENTO, DESC_EQUIPAMENTO, CD_MODELO_EQUIPAMENTO, CD_TP_EQUIPAMENTO, CD_GRUPO_EQUIPAMENTO, CD_SERIE, CD_TURMA, CD_HR_PONTO_ELET, CD_RELOGIO, FG_IMPLEMENTO_FIXO, DT_ULT_ALTERACAO)
VALUES('10120', 'Pluviometro B-11', 261, 84, 3, NULL, NULL, NULL, NULL, NULL, TIMESTAMP '2017-12-04 14:13:38.000000');
INSERT INTO SGPA_INTERNATIONAL.CDT_EQUIPAMENTO
(CD_EQUIPAMENTO, DESC_EQUIPAMENTO, CD_MODELO_EQUIPAMENTO, CD_TP_EQUIPAMENTO, CD_GRUPO_EQUIPAMENTO, CD_SERIE, CD_TURMA, CD_HR_PONTO_ELET, CD_RELOGIO, FG_IMPLEMENTO_FIXO, DT_ULT_ALTERACAO)
VALUES('10122', 'Pluviometro B-15', 261, 84, 3, NULL, NULL, NULL, NULL, NULL, TIMESTAMP '2017-12-04 14:15:51.000000');
INSERT INTO SGPA_INTERNATIONAL.CDT_EQUIPAMENTO
(CD_EQUIPAMENTO, DESC_EQUIPAMENTO, CD_MODELO_EQUIPAMENTO, CD_TP_EQUIPAMENTO, CD_GRUPO_EQUIPAMENTO, CD_SERIE, CD_TURMA, CD_HR_PONTO_ELET, CD_RELOGIO, FG_IMPLEMENTO_FIXO, DT_ULT_ALTERACAO)
VALUES('2386', 'John Deere 7225J', 221, 40, 2, NULL, NULL, NULL, NULL, NULL, TIMESTAMP '2017-09-29 16:04:09.000000');
INSERT INTO SGPA_INTERNATIONAL.CDT_EQUIPAMENTO
(CD_EQUIPAMENTO, DESC_EQUIPAMENTO, CD_MODELO_EQUIPAMENTO, CD_TP_EQUIPAMENTO, CD_GRUPO_EQUIPAMENTO, CD_SERIE, CD_TURMA, CD_HR_PONTO_ELET, CD_RELOGIO, FG_IMPLEMENTO_FIXO, DT_ULT_ALTERACAO)
VALUES('10104', 'Pluviometro SF-03', 261, 84, 3, NULL, NULL, NULL, NULL, NULL, TIMESTAMP '2017-12-04 01:00:00.000000');
INSERT INTO SGPA_INTERNATIONAL.CDT_EQUIPAMENTO
(CD_EQUIPAMENTO, DESC_EQUIPAMENTO, CD_MODELO_EQUIPAMENTO, CD_TP_EQUIPAMENTO, CD_GRUPO_EQUIPAMENTO, CD_SERIE, CD_TURMA, CD_HR_PONTO_ELET, CD_RELOGIO, FG_IMPLEMENTO_FIXO, DT_ULT_ALTERACAO)
VALUES('10116', 'Pluviometro MC-06', 261, 84, 3, NULL, NULL, NULL, NULL, NULL, TIMESTAMP '2017-12-04 13:56:08.000000');
INSERT INTO SGPA_INTERNATIONAL.CDT_EQUIPAMENTO
(CD_EQUIPAMENTO, DESC_EQUIPAMENTO, CD_MODELO_EQUIPAMENTO, CD_TP_EQUIPAMENTO, CD_GRUPO_EQUIPAMENTO, CD_SERIE, CD_TURMA, CD_HR_PONTO_ELET, CD_RELOGIO, FG_IMPLEMENTO_FIXO, DT_ULT_ALTERACAO)
VALUES('10112', 'Pluviometro M-13', 261, 84, 3, NULL, NULL, NULL, NULL, NULL, TIMESTAMP '2017-12-04 14:03:32.000000');
INSERT INTO SGPA_INTERNATIONAL.CDT_EQUIPAMENTO
(CD_EQUIPAMENTO, DESC_EQUIPAMENTO, CD_MODELO_EQUIPAMENTO, CD_TP_EQUIPAMENTO, CD_GRUPO_EQUIPAMENTO, CD_SERIE, CD_TURMA, CD_HR_PONTO_ELET, CD_RELOGIO, FG_IMPLEMENTO_FIXO, DT_ULT_ALTERACAO)
VALUES('10118', 'Pluviometro B-01', 261, 84, 3, NULL, NULL, NULL, NULL, NULL, TIMESTAMP '2017-12-04 14:10:38.000000');
INSERT INTO SGPA_INTERNATIONAL.CDT_EQUIPAMENTO
(CD_EQUIPAMENTO, DESC_EQUIPAMENTO, CD_MODELO_EQUIPAMENTO, CD_TP_EQUIPAMENTO, CD_GRUPO_EQUIPAMENTO, CD_SERIE, CD_TURMA, CD_HR_PONTO_ELET, CD_RELOGIO, FG_IMPLEMENTO_FIXO, DT_ULT_ALTERACAO)
VALUES('10121', 'Pluviometro B-14', 261, 84, 3, NULL, NULL, NULL, NULL, NULL, TIMESTAMP '2017-12-04 14:15:04.000000');
INSERT INTO SGPA_INTERNATIONAL.CDT_EQUIPAMENTO
(CD_EQUIPAMENTO, DESC_EQUIPAMENTO, CD_MODELO_EQUIPAMENTO, CD_TP_EQUIPAMENTO, CD_GRUPO_EQUIPAMENTO, CD_SERIE, CD_TURMA, CD_HR_PONTO_ELET, CD_RELOGIO, FG_IMPLEMENTO_FIXO, DT_ULT_ALTERACAO)
VALUES('10123', 'Pluviometro B-13', 261, 84, 3, NULL, NULL, NULL, NULL, NULL, TIMESTAMP '2017-12-04 14:16:40.000000');
INSERT INTO SGPA_INTERNATIONAL.CDT_EQUIPAMENTO
(CD_EQUIPAMENTO, DESC_EQUIPAMENTO, CD_MODELO_EQUIPAMENTO, CD_TP_EQUIPAMENTO, CD_GRUPO_EQUIPAMENTO, CD_SERIE, CD_TURMA, CD_HR_PONTO_ELET, CD_RELOGIO, FG_IMPLEMENTO_FIXO, DT_ULT_ALTERACAO)
VALUES('880', 'JOHN DEERE 8430 DUAL 4X4', 66, 40, 2, NULL, NULL, NULL, NULL, NULL, TIMESTAMP '2017-10-02 23:53:51.000000');
INSERT INTO SGPA_INTERNATIONAL.CDT_EQUIPAMENTO
(CD_EQUIPAMENTO, DESC_EQUIPAMENTO, CD_MODELO_EQUIPAMENTO, CD_TP_EQUIPAMENTO, CD_GRUPO_EQUIPAMENTO, CD_SERIE, CD_TURMA, CD_HR_PONTO_ELET, CD_RELOGIO, FG_IMPLEMENTO_FIXO, DT_ULT_ALTERACAO)
VALUES('2438', 'NV JOHN DEERE 7225J 4X4', 221, 40, 2, NULL, NULL, NULL, NULL, NULL, TIMESTAMP '2017-10-23 15:27:49.000000');
INSERT INTO SGPA_INTERNATIONAL.CDT_EQUIPAMENTO
(CD_EQUIPAMENTO, DESC_EQUIPAMENTO, CD_MODELO_EQUIPAMENTO, CD_TP_EQUIPAMENTO, CD_GRUPO_EQUIPAMENTO, CD_SERIE, CD_TURMA, CD_HR_PONTO_ELET, CD_RELOGIO, FG_IMPLEMENTO_FIXO, DT_ULT_ALTERACAO)
VALUES('10103', 'Pluviometro Sede', 261, 84, 3, NULL, NULL, NULL, NULL, NULL, TIMESTAMP '2017-12-04 13:52:00.000000');
INSERT INTO SGPA_INTERNATIONAL.CDT_EQUIPAMENTO
(CD_EQUIPAMENTO, DESC_EQUIPAMENTO, CD_MODELO_EQUIPAMENTO, CD_TP_EQUIPAMENTO, CD_GRUPO_EQUIPAMENTO, CD_SERIE, CD_TURMA, CD_HR_PONTO_ELET, CD_RELOGIO, FG_IMPLEMENTO_FIXO, DT_ULT_ALTERACAO)
VALUES('10110', 'Pluviometro SF-18', 261, 84, 3, NULL, NULL, NULL, NULL, NULL, TIMESTAMP '2017-12-04 13:58:39.000000');
INSERT INTO SGPA_INTERNATIONAL.CDT_EQUIPAMENTO
(CD_EQUIPAMENTO, DESC_EQUIPAMENTO, CD_MODELO_EQUIPAMENTO, CD_TP_EQUIPAMENTO, CD_GRUPO_EQUIPAMENTO, CD_SERIE, CD_TURMA, CD_HR_PONTO_ELET, CD_RELOGIO, FG_IMPLEMENTO_FIXO, DT_ULT_ALTERACAO)
VALUES('10109', 'Pluviometro SF-13', 261, 84, 3, NULL, NULL, NULL, NULL, NULL, TIMESTAMP '2017-12-04 14:00:36.000000');
INSERT INTO SGPA_INTERNATIONAL.CDT_EQUIPAMENTO
(CD_EQUIPAMENTO, DESC_EQUIPAMENTO, CD_MODELO_EQUIPAMENTO, CD_TP_EQUIPAMENTO, CD_GRUPO_EQUIPAMENTO, CD_SERIE, CD_TURMA, CD_HR_PONTO_ELET, CD_RELOGIO, FG_IMPLEMENTO_FIXO, DT_ULT_ALTERACAO)
VALUES('10114', 'Pluviometro SF-06', 261, 84, 3, NULL, NULL, NULL, NULL, NULL, TIMESTAMP '2017-12-04 14:05:14.000000');
INSERT INTO SGPA_INTERNATIONAL.CDT_EQUIPAMENTO
(CD_EQUIPAMENTO, DESC_EQUIPAMENTO, CD_MODELO_EQUIPAMENTO, CD_TP_EQUIPAMENTO, CD_GRUPO_EQUIPAMENTO, CD_SERIE, CD_TURMA, CD_HR_PONTO_ELET, CD_RELOGIO, FG_IMPLEMENTO_FIXO, DT_ULT_ALTERACAO)
VALUES('10115', 'Pluviometro MC-03', 261, 84, 3, NULL, NULL, NULL, NULL, NULL, TIMESTAMP '2017-12-04 14:07:43.000000');
INSERT INTO SGPA_INTERNATIONAL.CDT_EQUIPAMENTO
(CD_EQUIPAMENTO, DESC_EQUIPAMENTO, CD_MODELO_EQUIPAMENTO, CD_TP_EQUIPAMENTO, CD_GRUPO_EQUIPAMENTO, CD_SERIE, CD_TURMA, CD_HR_PONTO_ELET, CD_RELOGIO, FG_IMPLEMENTO_FIXO, DT_ULT_ALTERACAO)
VALUES('7225', 'John Deere 7225J', 221, 40, 2, NULL, NULL, NULL, NULL, NULL, TIMESTAMP '2017-08-25 09:01:12.000000');
INSERT INTO SGPA_INTERNATIONAL.CDT_EQUIPAMENTO
(CD_EQUIPAMENTO, DESC_EQUIPAMENTO, CD_MODELO_EQUIPAMENTO, CD_TP_EQUIPAMENTO, CD_GRUPO_EQUIPAMENTO, CD_SERIE, CD_TURMA, CD_HR_PONTO_ELET, CD_RELOGIO, FG_IMPLEMENTO_FIXO, DT_ULT_ALTERACAO)
VALUES('1096', 'Estação Metereológica MC-03', 121, 51, 3, NULL, NULL, NULL, NULL, NULL, TIMESTAMP '2017-11-28 01:00:00.000000');
INSERT INTO SGPA_INTERNATIONAL.CDT_EQUIPAMENTO
(CD_EQUIPAMENTO, DESC_EQUIPAMENTO, CD_MODELO_EQUIPAMENTO, CD_TP_EQUIPAMENTO, CD_GRUPO_EQUIPAMENTO, CD_SERIE, CD_TURMA, CD_HR_PONTO_ELET, CD_RELOGIO, FG_IMPLEMENTO_FIXO, DT_ULT_ALTERACAO)
VALUES('1097', 'Estaçãio Metereológica B-01', 121, 51, 3, NULL, NULL, NULL, NULL, NULL, TIMESTAMP '2017-11-29 01:00:00.000000');
INSERT INTO SGPA_INTERNATIONAL.CDT_EQUIPAMENTO
(CD_EQUIPAMENTO, DESC_EQUIPAMENTO, CD_MODELO_EQUIPAMENTO, CD_TP_EQUIPAMENTO, CD_GRUPO_EQUIPAMENTO, CD_SERIE, CD_TURMA, CD_HR_PONTO_ELET, CD_RELOGIO, FG_IMPLEMENTO_FIXO, DT_ULT_ALTERACAO)
VALUES('10111', 'Pluviometro M-11', 261, 84, 3, NULL, NULL, NULL, NULL, NULL, TIMESTAMP '2017-12-04 14:01:26.000000');
INSERT INTO SGPA_INTERNATIONAL.CDT_EQUIPAMENTO
(CD_EQUIPAMENTO, DESC_EQUIPAMENTO, CD_MODELO_EQUIPAMENTO, CD_TP_EQUIPAMENTO, CD_GRUPO_EQUIPAMENTO, CD_SERIE, CD_TURMA, CD_HR_PONTO_ELET, CD_RELOGIO, FG_IMPLEMENTO_FIXO, DT_ULT_ALTERACAO)
VALUES('10113', 'Pluviometro M-18', 261, 84, 3, NULL, NULL, NULL, NULL, NULL, TIMESTAMP '2017-12-04 14:04:25.000000');
INSERT INTO SGPA_INTERNATIONAL.CDT_EQUIPAMENTO
(CD_EQUIPAMENTO, DESC_EQUIPAMENTO, CD_MODELO_EQUIPAMENTO, CD_TP_EQUIPAMENTO, CD_GRUPO_EQUIPAMENTO, CD_SERIE, CD_TURMA, CD_HR_PONTO_ELET, CD_RELOGIO, FG_IMPLEMENTO_FIXO, DT_ULT_ALTERACAO)
VALUES('10107', 'Pluviometro M-06', 261, 84, 3, NULL, NULL, NULL, NULL, NULL, TIMESTAMP '2017-12-04 14:08:36.000000');
INSERT INTO SGPA_INTERNATIONAL.CDT_EQUIPAMENTO
(CD_EQUIPAMENTO, DESC_EQUIPAMENTO, CD_MODELO_EQUIPAMENTO, CD_TP_EQUIPAMENTO, CD_GRUPO_EQUIPAMENTO, CD_SERIE, CD_TURMA, CD_HR_PONTO_ELET, CD_RELOGIO, FG_IMPLEMENTO_FIXO, DT_ULT_ALTERACAO)
VALUES('10117', 'Pluviometro SF-20', 261, 84, 3, NULL, NULL, NULL, NULL, NULL, TIMESTAMP '2017-12-04 01:00:00.000000');
COMMIT;